title,company,location,link
Python Developer,Seen by Indeed,"Austin, TX",https://www.indeed.com/viewjob?jk=99345ff090923ecd
Log Scaler Mill Worker,Stimson Lumber,"Saint Maries, ID",https://www.indeed.com/viewjob?jk=153b3849b8e7fef8
PHY Systems & Algorithm Engineer,Apple,"San Diego, CA",https://www.indeed.com/viewjob?jk=86cc69381344f6fc
Test Engineer - Machine Learning Software,Joynus Staffing,"San Jose, CA",https://www.indeed.com/viewjob?jk=3158db01fde958bc
Senior Software Engineer - Python,"BigBear, Inc.","San Diego, CA",https://www.indeed.com/viewjob?jk=6a466877c9742916
We're Hiring Developers & Engineers! (Multiple Openings),GM Financial,"Arlington, TX",https://www.indeed.com/viewjob?jk=d1c41aff02060e35
Jr Python Developer,CenturyLink,"Ashburn, VA",https://www.indeed.com/viewjob?jk=76a6ca424c1583a8
Data Scientist - Entry Level,Pathrise,Remote,https://www.indeed.com/viewjob?jk=602196c5ea2f32da
Senior Python Developer,Saiana Technologies,"Lakeland, FL",https://www.indeed.com/viewjob?jk=a5a1bf416354024a
Jr Python developer,Ace-stack LLC,"Houston, TX",https://www.indeed.com/viewjob?jk=9549af22891fa8a1
Python Developer,3i Infotech,"Atlanta, GA",https://www.indeed.com/viewjob?jk=519e261a88098386
Python Developer,SJSU,"Mountain View, CA",https://www.indeed.com/viewjob?jk=d85fae2523a924a2
Python/ReactJS Software Developer,2nd Logic,"Los Angeles, CA",https://www.indeed.com/viewjob?jk=7a20786987884274
Python Developer,ConglomerateIT,"McLean, VA",https://www.indeed.com/viewjob?jk=8cddb4eb49637ee3
Game Mathematician,Adriyana Solutions,Remote,https://www.indeed.com/viewjob?jk=d677c92d6ad34ff6
Python Developer,SQAIT INC,"McLean, VA",https://www.indeed.com/viewjob?jk=5333e5a5a6432dc0
Python Developer,Callidus Inc,"Minneapolis, MN",https://www.indeed.com/viewjob?jk=eaea1d40e2a75e9e
Python Scripting and Tool Development Online Instructor,The Los Angeles Film School,"Winter Park, FL",https://www.indeed.com/viewjob?jk=84c5b3602e97e05a
Systems Administrator II,WSECU,"Olympia, WA",https://www.indeed.com/viewjob?jk=8b60ed98bff13fa1
Python Developer,Seen by Indeed,"Austin, TX",https://www.indeed.com/viewjob?jk=99345ff090923ecd
Log Scaler Mill Worker,Stimson Lumber,"Saint Maries, ID",https://www.indeed.com/viewjob?jk=153b3849b8e7fef8
PHY Systems & Algorithm Engineer,Apple,"San Diego, CA",https://www.indeed.com/viewjob?jk=86cc69381344f6fc
Test Engineer - Machine Learning Software,Joynus Staffing,"San Jose, CA",https://www.indeed.com/viewjob?jk=3158db01fde958bc
Senior Software Engineer - Python,"BigBear, Inc.","San Diego, CA",https://www.indeed.com/viewjob?jk=6a466877c9742916
We're Hiring Developers & Engineers! (Multiple Openings),GM Financial,"Arlington, TX",https://www.indeed.com/viewjob?jk=d1c41aff02060e35
Jr Python Developer,CenturyLink,"Ashburn, VA",https://www.indeed.com/viewjob?jk=76a6ca424c1583a8
Data Scientist - Entry Level,Pathrise,Remote,https://www.indeed.com/viewjob?jk=602196c5ea2f32da
Senior Python Developer,Saiana Technologies,"Lakeland, FL",https://www.indeed.com/viewjob?jk=a5a1bf416354024a
Python Developer,SJSU,"Mountain View, CA",https://www.indeed.com/viewjob?jk=d85fae2523a924a2
Python/ReactJS Software Developer,2nd Logic,"Los Angeles, CA",https://www.indeed.com/viewjob?jk=7a20786987884274
Python Developer,3i Infotech,"Atlanta, GA",https://www.indeed.com/viewjob?jk=519e261a88098386
Jr Python developer,Ace-stack LLC,"Houston, TX",https://www.indeed.com/viewjob?jk=9549af22891fa8a1
Python Developer,ConglomerateIT,"McLean, VA",https://www.indeed.com/viewjob?jk=8cddb4eb49637ee3
Python Developer,MonkeyLuvUSA Inc.,"Austin, TX",https://www.indeed.com/viewjob?jk=89edc87fe5a7ae84
Game Mathematician,Adriyana Solutions,Remote,https://www.indeed.com/viewjob?jk=d677c92d6ad34ff6
Python Developer,SQAIT INC,"McLean, VA",https://www.indeed.com/viewjob?jk=5333e5a5a6432dc0
Python Scripting and Tool Development Online Instructor,The Los Angeles Film School,"Winter Park, FL",https://www.indeed.com/viewjob?jk=84c5b3602e97e05a
Systems Administrator II,WSECU,"Olympia, WA",https://www.indeed.com/viewjob?jk=8b60ed98bff13fa1
Python Developer,Seen by Indeed,"Austin, TX",https://www.indeed.com/viewjob?jk=99345ff090923ecd
Log Scaler Mill Worker,Stimson Lumber,"Saint Maries, ID",https://www.indeed.com/viewjob?jk=153b3849b8e7fef8
PHY Systems & Algorithm Engineer,Apple,"San Diego, CA",https://www.indeed.com/viewjob?jk=86cc69381344f6fc
Test Engineer - Machine Learning Software,Joynus Staffing,"San Jose, CA",https://www.indeed.com/viewjob?jk=3158db01fde958bc
Senior Software Engineer - Python,"BigBear, Inc.","San Diego, CA",https://www.indeed.com/viewjob?jk=6a466877c9742916
We're Hiring Developers & Engineers! (Multiple Openings),GM Financial,"Arlington, TX",https://www.indeed.com/viewjob?jk=d1c41aff02060e35
Jr Python Developer,CenturyLink,"Ashburn, VA",https://www.indeed.com/viewjob?jk=76a6ca424c1583a8
Data Scientist - Entry Level,Pathrise,Remote,https://www.indeed.com/viewjob?jk=602196c5ea2f32da
Senior Python Developer,Saiana Technologies,"Lakeland, FL",https://www.indeed.com/viewjob?jk=a5a1bf416354024a
Python Developer,SJSU,"Mountain View, CA",https://www.indeed.com/viewjob?jk=d85fae2523a924a2
Python/ReactJS Software Developer,2nd Logic,"Los Angeles, CA",https://www.indeed.com/viewjob?jk=7a20786987884274
Python Developer,3i Infotech,"Atlanta, GA",https://www.indeed.com/viewjob?jk=519e261a88098386
Jr Python developer,Ace-stack LLC,"Houston, TX",https://www.indeed.com/viewjob?jk=9549af22891fa8a1
Python Developer,ConglomerateIT,"McLean, VA",https://www.indeed.com/viewjob?jk=8cddb4eb49637ee3
Python Developer,MonkeyLuvUSA Inc.,"Austin, TX",https://www.indeed.com/viewjob?jk=89edc87fe5a7ae84
Game Mathematician,Adriyana Solutions,Remote,https://www.indeed.com/viewjob?jk=d677c92d6ad34ff6
Python Developer,SQAIT INC,"McLean, VA",https://www.indeed.com/viewjob?jk=5333e5a5a6432dc0
Python Scripting and Tool Development Online Instructor,The Los Angeles Film School,"Winter Park, FL",https://www.indeed.com/viewjob?jk=84c5b3602e97e05a
Systems Administrator II,WSECU,"Olympia, WA",https://www.indeed.com/viewjob?jk=8b60ed98bff13fa1
Python Developer,Seen by Indeed,"Austin, TX",https://www.indeed.com/viewjob?jk=99345ff090923ecd
Log Scaler Mill Worker,Stimson Lumber,"Saint Maries, ID",https://www.indeed.com/viewjob?jk=153b3849b8e7fef8
PHY Systems & Algorithm Engineer,Apple,"San Diego, CA",https://www.indeed.com/viewjob?jk=86cc69381344f6fc
Test Engineer - Machine Learning Software,Joynus Staffing,"San Jose, CA",https://www.indeed.com/viewjob?jk=3158db01fde958bc
Senior Software Engineer - Python,"BigBear, Inc.","San Diego, CA",https://www.indeed.com/viewjob?jk=6a466877c9742916
We're Hiring Developers & Engineers! (Multiple Openings),GM Financial,"Arlington, TX",https://www.indeed.com/viewjob?jk=d1c41aff02060e35
Jr Python Developer,CenturyLink,"Ashburn, VA",https://www.indeed.com/viewjob?jk=76a6ca424c1583a8
Data Scientist - Entry Level,Pathrise,Remote,https://www.indeed.com/viewjob?jk=602196c5ea2f32da
Senior Python Developer,Saiana Technologies,"Lakeland, FL",https://www.indeed.com/viewjob?jk=a5a1bf416354024a
Python Developer,SJSU,"Mountain View, CA",https://www.indeed.com/viewjob?jk=d85fae2523a924a2
Python/ReactJS Software Developer,2nd Logic,"Los Angeles, CA",https://www.indeed.com/viewjob?jk=7a20786987884274
Python Developer,3i Infotech,"Atlanta, GA",https://www.indeed.com/viewjob?jk=519e261a88098386
Jr Python developer,Ace-stack LLC,"Houston, TX",https://www.indeed.com/viewjob?jk=9549af22891fa8a1
Python Developer,ConglomerateIT,"McLean, VA",https://www.indeed.com/viewjob?jk=8cddb4eb49637ee3
Python Developer,MonkeyLuvUSA Inc.,"Austin, TX",https://www.indeed.com/viewjob?jk=89edc87fe5a7ae84
Game Mathematician,Adriyana Solutions,Remote,https://www.indeed.com/viewjob?jk=d677c92d6ad34ff6
Python Developer,SQAIT INC,"McLean, VA",https://www.indeed.com/viewjob?jk=5333e5a5a6432dc0
Python Scripting and Tool Development Online Instructor,The Los Angeles Film School,"Winter Park, FL",https://www.indeed.com/viewjob?jk=84c5b3602e97e05a
Systems Administrator II,WSECU,"Olympia, WA",https://www.indeed.com/viewjob?jk=8b60ed98bff13fa1
Python Developer,Seen by Indeed,"Austin, TX",https://www.indeed.com/viewjob?jk=99345ff090923ecd
Log Scaler Mill Worker,Stimson Lumber,"Saint Maries, ID",https://www.indeed.com/viewjob?jk=153b3849b8e7fef8
PHY Systems & Algorithm Engineer,Apple,"San Diego, CA",https://www.indeed.com/viewjob?jk=86cc69381344f6fc
Test Engineer - Machine Learning Software,Joynus Staffing,"San Jose, CA",https://www.indeed.com/viewjob?jk=3158db01fde958bc
Senior Software Engineer - Python,"BigBear, Inc.","San Diego, CA",https://www.indeed.com/viewjob?jk=6a466877c9742916
We're Hiring Developers & Engineers! (Multiple Openings),GM Financial,"Arlington, TX",https://www.indeed.com/viewjob?jk=d1c41aff02060e35
Jr Python Developer,CenturyLink,"Ashburn, VA",https://www.indeed.com/viewjob?jk=76a6ca424c1583a8
Data Scientist - Entry Level,Pathrise,Remote,https://www.indeed.com/viewjob?jk=602196c5ea2f32da
Senior Python Developer,Saiana Technologies,"Lakeland, FL",https://www.indeed.com/viewjob?jk=a5a1bf416354024a
Jr Python developer,Ace-stack LLC,"Houston, TX",https://www.indeed.com/viewjob?jk=9549af22891fa8a1
Python Developer,3i Infotech,"Atlanta, GA",https://www.indeed.com/viewjob?jk=519e261a88098386
Python Developer,SJSU,"Mountain View, CA",https://www.indeed.com/viewjob?jk=d85fae2523a924a2
Python/ReactJS Software Developer,2nd Logic,"Los Angeles, CA",https://www.indeed.com/viewjob?jk=7a20786987884274
Python Developer,ConglomerateIT,"McLean, VA",https://www.indeed.com/viewjob?jk=8cddb4eb49637ee3
Game Mathematician,Adriyana Solutions,Remote,https://www.indeed.com/viewjob?jk=d677c92d6ad34ff6
Python Developer,SQAIT INC,"McLean, VA",https://www.indeed.com/viewjob?jk=5333e5a5a6432dc0
Python Developer,Callidus Inc,"Minneapolis, MN",https://www.indeed.com/viewjob?jk=eaea1d40e2a75e9e
Python Scripting and Tool Development Online Instructor,The Los Angeles Film School,"Winter Park, FL",https://www.indeed.com/viewjob?jk=84c5b3602e97e05a
Systems Administrator II,WSECU,"Olympia, WA",https://www.indeed.com/viewjob?jk=8b60ed98bff13fa1
Python Developer,Seen by Indeed,"Austin, TX",https://www.indeed.com/viewjob?jk=99345ff090923ecd
Log Scaler Mill Worker,Stimson Lumber,"Saint Maries, ID",https://www.indeed.com/viewjob?jk=153b3849b8e7fef8
PHY Systems & Algorithm Engineer,Apple,"San Diego, CA",https://www.indeed.com/viewjob?jk=86cc69381344f6fc
Test Engineer - Machine Learning Software,Joynus Staffing,"San Jose, CA",https://www.indeed.com/viewjob?jk=3158db01fde958bc
Senior Software Engineer - Python,"BigBear, Inc.","San Diego, CA",https://www.indeed.com/viewjob?jk=6a466877c9742916
We're Hiring Developers & Engineers! (Multiple Openings),GM Financial,"Arlington, TX",https://www.indeed.com/viewjob?jk=d1c41aff02060e35
Jr Python Developer,CenturyLink,"Ashburn, VA",https://www.indeed.com/viewjob?jk=76a6ca424c1583a8
Data Scientist - Entry Level,Pathrise,Remote,https://www.indeed.com/viewjob?jk=602196c5ea2f32da
Senior Python Developer,Saiana Technologies,"Lakeland, FL",https://www.indeed.com/viewjob?jk=a5a1bf416354024a
Jr Python developer,Ace-stack LLC,"Houston, TX",https://www.indeed.com/viewjob?jk=9549af22891fa8a1
Python Developer,3i Infotech,"Atlanta, GA",https://www.indeed.com/viewjob?jk=519e261a88098386
Python Developer,SJSU,"Mountain View, CA",https://www.indeed.com/viewjob?jk=d85fae2523a924a2
Python/ReactJS Software Developer,2nd Logic,"Los Angeles, CA",https://www.indeed.com/viewjob?jk=7a20786987884274
Python Developer,ConglomerateIT,"McLean, VA",https://www.indeed.com/viewjob?jk=8cddb4eb49637ee3
Game Mathematician,Adriyana Solutions,Remote,https://www.indeed.com/viewjob?jk=d677c92d6ad34ff6
Python Developer,SQAIT INC,"McLean, VA",https://www.indeed.com/viewjob?jk=5333e5a5a6432dc0
Python Developer,Callidus Inc,"Minneapolis, MN",https://www.indeed.com/viewjob?jk=eaea1d40e2a75e9e
Python Scripting and Tool Development Online Instructor,The Los Angeles Film School,"Winter Park, FL",https://www.indeed.com/viewjob?jk=84c5b3602e97e05a
Systems Administrator II,WSECU,"Olympia, WA",https://www.indeed.com/viewjob?jk=8b60ed98bff13fa1
Python Developer,Seen by Indeed,"Austin, TX",https://www.indeed.com/viewjob?jk=99345ff090923ecd
Log Scaler Mill Worker,Stimson Lumber,"Saint Maries, ID",https://www.indeed.com/viewjob?jk=153b3849b8e7fef8
PHY Systems & Algorithm Engineer,Apple,"San Diego, CA",https://www.indeed.com/viewjob?jk=86cc69381344f6fc
Test Engineer - Machine Learning Software,Joynus Staffing,"San Jose, CA",https://www.indeed.com/viewjob?jk=3158db01fde958bc
Senior Software Engineer - Python,"BigBear, Inc.","San Diego, CA",https://www.indeed.com/viewjob?jk=6a466877c9742916
We're Hiring Developers & Engineers! (Multiple Openings),GM Financial,"Arlington, TX",https://www.indeed.com/viewjob?jk=d1c41aff02060e35
Jr Python Developer,CenturyLink,"Ashburn, VA",https://www.indeed.com/viewjob?jk=76a6ca424c1583a8
Data Scientist - Entry Level,Pathrise,Remote,https://www.indeed.com/viewjob?jk=602196c5ea2f32da
Senior Python Developer,Saiana Technologies,"Lakeland, FL",https://www.indeed.com/viewjob?jk=a5a1bf416354024a
Python Developer,SJSU,"Mountain View, CA",https://www.indeed.com/viewjob?jk=d85fae2523a924a2
Python/ReactJS Software Developer,2nd Logic,"Los Angeles, CA",https://www.indeed.com/viewjob?jk=7a20786987884274
Python Developer,3i Infotech,"Atlanta, GA",https://www.indeed.com/viewjob?jk=519e261a88098386
Jr Python developer,Ace-stack LLC,"Houston, TX",https://www.indeed.com/viewjob?jk=9549af22891fa8a1
Python Developer,ConglomerateIT,"McLean, VA",https://www.indeed.com/viewjob?jk=8cddb4eb49637ee3
Python Developer,MonkeyLuvUSA Inc.,"Austin, TX",https://www.indeed.com/viewjob?jk=89edc87fe5a7ae84
Game Mathematician,Adriyana Solutions,Remote,https://www.indeed.com/viewjob?jk=d677c92d6ad34ff6
Python Developer,SQAIT INC,"McLean, VA",https://www.indeed.com/viewjob?jk=5333e5a5a6432dc0
Python Scripting and Tool Development Online Instructor,The Los Angeles Film School,"Winter Park, FL",https://www.indeed.com/viewjob?jk=84c5b3602e97e05a
Systems Administrator II,WSECU,"Olympia, WA",https://www.indeed.com/viewjob?jk=8b60ed98bff13fa1
Python Developer,Seen by Indeed,"Austin, TX",https://www.indeed.com/viewjob?jk=99345ff090923ecd
Log Scaler Mill Worker,Stimson Lumber,"Saint Maries, ID",https://www.indeed.com/viewjob?jk=153b3849b8e7fef8
PHY Systems & Algorithm Engineer,Apple,"San Diego, CA",https://www.indeed.com/viewjob?jk=86cc69381344f6fc
Test Engineer - Machine Learning Software,Joynus Staffing,"San Jose, CA",https://www.indeed.com/viewjob?jk=3158db01fde958bc
Senior Software Engineer - Python,"BigBear, Inc.","San Diego, CA",https://www.indeed.com/viewjob?jk=6a466877c9742916
We're Hiring Developers & Engineers! (Multiple Openings),GM Financial,"Arlington, TX",https://www.indeed.com/viewjob?jk=d1c41aff02060e35
Jr Python Developer,CenturyLink,"Ashburn, VA",https://www.indeed.com/viewjob?jk=76a6ca424c1583a8
Data Scientist - Entry Level,Pathrise,Remote,https://www.indeed.com/viewjob?jk=602196c5ea2f32da
Senior Python Developer,Saiana Technologies,"Lakeland, FL",https://www.indeed.com/viewjob?jk=a5a1bf416354024a
Python Developer,SJSU,"Mountain View, CA",https://www.indeed.com/viewjob?jk=d85fae2523a924a2
Python/ReactJS Software Developer,2nd Logic,"Los Angeles, CA",https://www.indeed.com/viewjob?jk=7a20786987884274
Python Developer,3i Infotech,"Atlanta, GA",https://www.indeed.com/viewjob?jk=519e261a88098386
Jr Python developer,Ace-stack LLC,"Houston, TX",https://www.indeed.com/viewjob?jk=9549af22891fa8a1
Python Developer,ConglomerateIT,"McLean, VA",https://www.indeed.com/viewjob?jk=8cddb4eb49637ee3
Python Developer,MonkeyLuvUSA Inc.,"Austin, TX",https://www.indeed.com/viewjob?jk=89edc87fe5a7ae84
Game Mathematician,Adriyana Solutions,Remote,https://www.indeed.com/viewjob?jk=d677c92d6ad34ff6
Python Developer,SQAIT INC,"McLean, VA",https://www.indeed.com/viewjob?jk=5333e5a5a6432dc0
Python Scripting and Tool Development Online Instructor,The Los Angeles Film School,"Winter Park, FL",https://www.indeed.com/viewjob?jk=84c5b3602e97e05a
Systems Administrator II,WSECU,"Olympia, WA",https://www.indeed.com/viewjob?jk=8b60ed98bff13fa1
Python Developer,Seen by Indeed,"Austin, TX",https://www.indeed.com/viewjob?jk=99345ff090923ecd
Log Scaler Mill Worker,Stimson Lumber,"Saint Maries, ID",https://www.indeed.com/viewjob?jk=153b3849b8e7fef8
PHY Systems & Algorithm Engineer,Apple,"San Diego, CA",https://www.indeed.com/viewjob?jk=86cc69381344f6fc
Test Engineer - Machine Learning Software,Joynus Staffing,"San Jose, CA",https://www.indeed.com/viewjob?jk=3158db01fde958bc
Senior Software Engineer - Python,"BigBear, Inc.","San Diego, CA",https://www.indeed.com/viewjob?jk=6a466877c9742916
We're Hiring Developers & Engineers! (Multiple Openings),GM Financial,"Arlington, TX",https://www.indeed.com/viewjob?jk=d1c41aff02060e35
Jr Python Developer,CenturyLink,"Ashburn, VA",https://www.indeed.com/viewjob?jk=76a6ca424c1583a8
Data Scientist - Entry Level,Pathrise,Remote,https://www.indeed.com/viewjob?jk=602196c5ea2f32da
Senior Python Developer,Saiana Technologies,"Lakeland, FL",https://www.indeed.com/viewjob?jk=a5a1bf416354024a
Jr Python developer,Ace-stack LLC,"Houston, TX",https://www.indeed.com/viewjob?jk=9549af22891fa8a1
Python Developer,3i Infotech,"Atlanta, GA",https://www.indeed.com/viewjob?jk=519e261a88098386
Python Developer,SJSU,"Mountain View, CA",https://www.indeed.com/viewjob?jk=d85fae2523a924a2
Python/ReactJS Software Developer,2nd Logic,"Los Angeles, CA",https://www.indeed.com/viewjob?jk=7a20786987884274
Python Developer,ConglomerateIT,"McLean, VA",https://www.indeed.com/viewjob?jk=8cddb4eb49637ee3
Game Mathematician,Adriyana Solutions,Remote,https://www.indeed.com/viewjob?jk=d677c92d6ad34ff6
Python Developer,SQAIT INC,"McLean, VA",https://www.indeed.com/viewjob?jk=5333e5a5a6432dc0
Python Developer,Callidus Inc,"Minneapolis, MN",https://www.indeed.com/viewjob?jk=eaea1d40e2a75e9e
Python Scripting and Tool Development Online Instructor,The Los Angeles Film School,"Winter Park, FL",https://www.indeed.com/viewjob?jk=84c5b3602e97e05a
Systems Administrator II,WSECU,"Olympia, WA",https://www.indeed.com/viewjob?jk=8b60ed98bff13fa1
Python Developer,Seen by Indeed,"Austin, TX",https://www.indeed.com/viewjob?jk=99345ff090923ecd
Log Scaler Mill Worker,Stimson Lumber,"Saint Maries, ID",https://www.indeed.com/viewjob?jk=153b3849b8e7fef8
PHY Systems & Algorithm Engineer,Apple,"San Diego, CA",https://www.indeed.com/viewjob?jk=86cc69381344f6fc
Test Engineer - Machine Learning Software,Joynus Staffing,"San Jose, CA",https://www.indeed.com/viewjob?jk=3158db01fde958bc
Senior Software Engineer - Python,"BigBear, Inc.","San Diego, CA",https://www.indeed.com/viewjob?jk=6a466877c9742916
We're Hiring Developers & Engineers! (Multiple Openings),GM Financial,"Arlington, TX",https://www.indeed.com/viewjob?jk=d1c41aff02060e35
Jr Python Developer,CenturyLink,"Ashburn, VA",https://www.indeed.com/viewjob?jk=76a6ca424c1583a8
Data Scientist - Entry Level,Pathrise,Remote,https://www.indeed.com/viewjob?jk=602196c5ea2f32da
Senior Python Developer,Saiana Technologies,"Lakeland, FL",https://www.indeed.com/viewjob?jk=a5a1bf416354024a
Python Developer,SJSU,"Mountain View, CA",https://www.indeed.com/viewjob?jk=d85fae2523a924a2
Python/ReactJS Software Developer,2nd Logic,"Los Angeles, CA",https://www.indeed.com/viewjob?jk=7a20786987884274
Python Developer,3i Infotech,"Atlanta, GA",https://www.indeed.com/viewjob?jk=519e261a88098386
Jr Python developer,Ace-stack LLC,"Houston, TX",https://www.indeed.com/viewjob?jk=9549af22891fa8a1
Python Developer,ConglomerateIT,"McLean, VA",https://www.indeed.com/viewjob?jk=8cddb4eb49637ee3
Python Developer,MonkeyLuvUSA Inc.,"Austin, TX",https://www.indeed.com/viewjob?jk=89edc87fe5a7ae84
Game Mathematician,Adriyana Solutions,Remote,https://www.indeed.com/viewjob?jk=d677c92d6ad34ff6
Python Developer,SQAIT INC,"McLean, VA",https://www.indeed.com/viewjob?jk=5333e5a5a6432dc0
Python Scripting and Tool Development Online Instructor,The Los Angeles Film School,"Winter Park, FL",https://www.indeed.com/viewjob?jk=84c5b3602e97e05a
Systems Administrator II,WSECU,"Olympia, WA",https://www.indeed.com/viewjob?jk=8b60ed98bff13fa1
Python Developer,Seen by Indeed,"Austin, TX",https://www.indeed.com/viewjob?jk=99345ff090923ecd
Log Scaler Mill Worker,Stimson Lumber,"Saint Maries, ID",https://www.indeed.com/viewjob?jk=153b3849b8e7fef8
PHY Systems & Algorithm Engineer,Apple,"San Diego, CA",https://www.indeed.com/viewjob?jk=86cc69381344f6fc
Test Engineer - Machine Learning Software,Joynus Staffing,"San Jose, CA",https://www.indeed.com/viewjob?jk=3158db01fde958bc
Senior Software Engineer - Python,"BigBear, Inc.","San Diego, CA",https://www.indeed.com/viewjob?jk=6a466877c9742916
We're Hiring Developers & Engineers! (Multiple Openings),GM Financial,"Arlington, TX",https://www.indeed.com/viewjob?jk=d1c41aff02060e35
Jr Python Developer,CenturyLink,"Ashburn, VA",https://www.indeed.com/viewjob?jk=76a6ca424c1583a8
Data Scientist - Entry Level,Pathrise,Remote,https://www.indeed.com/viewjob?jk=602196c5ea2f32da
Senior Python Developer,Saiana Technologies,"Lakeland, FL",https://www.indeed.com/viewjob?jk=a5a1bf416354024a
Python Developer,SJSU,"Mountain View, CA",https://www.indeed.com/viewjob?jk=d85fae2523a924a2
Python/ReactJS Software Developer,2nd Logic,"Los Angeles, CA",https://www.indeed.com/viewjob?jk=7a20786987884274
Python Developer,3i Infotech,"Atlanta, GA",https://www.indeed.com/viewjob?jk=519e261a88098386
Jr Python developer,Ace-stack LLC,"Houston, TX",https://www.indeed.com/viewjob?jk=9549af22891fa8a1
Python Developer,ConglomerateIT,"McLean, VA",https://www.indeed.com/viewjob?jk=8cddb4eb49637ee3
Python Developer,MonkeyLuvUSA Inc.,"Austin, TX",https://www.indeed.com/viewjob?jk=89edc87fe5a7ae84
Game Mathematician,Adriyana Solutions,Remote,https://www.indeed.com/viewjob?jk=d677c92d6ad34ff6
Python Developer,SQAIT INC,"McLean, VA",https://www.indeed.com/viewjob?jk=5333e5a5a6432dc0
Python Scripting and Tool Development Online Instructor,The Los Angeles Film School,"Winter Park, FL",https://www.indeed.com/viewjob?jk=84c5b3602e97e05a
Systems Administrator II,WSECU,"Olympia, WA",https://www.indeed.com/viewjob?jk=8b60ed98bff13fa1
Python Developer,Seen by Indeed,"Austin, TX",https://www.indeed.com/viewjob?jk=99345ff090923ecd
Log Scaler Mill Worker,Stimson Lumber,"Saint Maries, ID",https://www.indeed.com/viewjob?jk=153b3849b8e7fef8
PHY Systems & Algorithm Engineer,Apple,"San Diego, CA",https://www.indeed.com/viewjob?jk=86cc69381344f6fc
Test Engineer - Machine Learning Software,Joynus Staffing,"San Jose, CA",https://www.indeed.com/viewjob?jk=3158db01fde958bc
Senior Software Engineer - Python,"BigBear, Inc.","San Diego, CA",https://www.indeed.com/viewjob?jk=6a466877c9742916
We're Hiring Developers & Engineers! (Multiple Openings),GM Financial,"Arlington, TX",https://www.indeed.com/viewjob?jk=d1c41aff02060e35
Jr Python Developer,CenturyLink,"Ashburn, VA",https://www.indeed.com/viewjob?jk=76a6ca424c1583a8
Data Scientist - Entry Level,Pathrise,Remote,https://www.indeed.com/viewjob?jk=602196c5ea2f32da
Senior Python Developer,Saiana Technologies,"Lakeland, FL",https://www.indeed.com/viewjob?jk=a5a1bf416354024a
Python Developer,SJSU,"Mountain View, CA",https://www.indeed.com/viewjob?jk=d85fae2523a924a2
Python/ReactJS Software Developer,2nd Logic,"Los Angeles, CA",https://www.indeed.com/viewjob?jk=7a20786987884274
Python Developer,3i Infotech,"Atlanta, GA",https://www.indeed.com/viewjob?jk=519e261a88098386
Jr Python developer,Ace-stack LLC,"Houston, TX",https://www.indeed.com/viewjob?jk=9549af22891fa8a1
Python Developer,ConglomerateIT,"McLean, VA",https://www.indeed.com/viewjob?jk=8cddb4eb49637ee3
Python Developer,MonkeyLuvUSA Inc.,"Austin, TX",https://www.indeed.com/viewjob?jk=89edc87fe5a7ae84
Game Mathematician,Adriyana Solutions,Remote,https://www.indeed.com/viewjob?jk=d677c92d6ad34ff6
Python Developer,SQAIT INC,"McLean, VA",https://www.indeed.com/viewjob?jk=5333e5a5a6432dc0
Python Scripting and Tool Development Online Instructor,The Los Angeles Film School,"Winter Park, FL",https://www.indeed.com/viewjob?jk=84c5b3602e97e05a
Systems Administrator II,WSECU,"Olympia, WA",https://www.indeed.com/viewjob?jk=8b60ed98bff13fa1
Python Developer,Seen by Indeed,"Austin, TX",https://www.indeed.com/viewjob?jk=99345ff090923ecd
Log Scaler Mill Worker,Stimson Lumber,"Saint Maries, ID",https://www.indeed.com/viewjob?jk=153b3849b8e7fef8
PHY Systems & Algorithm Engineer,Apple,"San Diego, CA",https://www.indeed.com/viewjob?jk=86cc69381344f6fc
Test Engineer - Machine Learning Software,Joynus Staffing,"San Jose, CA",https://www.indeed.com/viewjob?jk=3158db01fde958bc
Senior Software Engineer - Python,"BigBear, Inc.","San Diego, CA",https://www.indeed.com/viewjob?jk=6a466877c9742916
We're Hiring Developers & Engineers! (Multiple Openings),GM Financial,"Arlington, TX",https://www.indeed.com/viewjob?jk=d1c41aff02060e35
Jr Python Developer,CenturyLink,"Ashburn, VA",https://www.indeed.com/viewjob?jk=76a6ca424c1583a8
Data Scientist - Entry Level,Pathrise,Remote,https://www.indeed.com/viewjob?jk=602196c5ea2f32da
Senior Python Developer,Saiana Technologies,"Lakeland, FL",https://www.indeed.com/viewjob?jk=a5a1bf416354024a
Jr Python developer,Ace-stack LLC,"Houston, TX",https://www.indeed.com/viewjob?jk=9549af22891fa8a1
Python Developer,3i Infotech,"Atlanta, GA",https://www.indeed.com/viewjob?jk=519e261a88098386
Python Developer,SJSU,"Mountain View, CA",https://www.indeed.com/viewjob?jk=d85fae2523a924a2
Python/ReactJS Software Developer,2nd Logic,"Los Angeles, CA",https://www.indeed.com/viewjob?jk=7a20786987884274
Python Developer,ConglomerateIT,"McLean, VA",https://www.indeed.com/viewjob?jk=8cddb4eb49637ee3
Game Mathematician,Adriyana Solutions,Remote,https://www.indeed.com/viewjob?jk=d677c92d6ad34ff6
Python Developer,SQAIT INC,"McLean, VA",https://www.indeed.com/viewjob?jk=5333e5a5a6432dc0
Python Developer,Callidus Inc,"Minneapolis, MN",https://www.indeed.com/viewjob?jk=eaea1d40e2a75e9e
Python Scripting and Tool Development Online Instructor,The Los Angeles Film School,"Winter Park, FL",https://www.indeed.com/viewjob?jk=84c5b3602e97e05a
Systems Administrator II,WSECU,"Olympia, WA",https://www.indeed.com/viewjob?jk=8b60ed98bff13fa1
Python Developer,Seen by Indeed,"Austin, TX",https://www.indeed.com/viewjob?jk=99345ff090923ecd
Log Scaler Mill Worker,Stimson Lumber,"Saint Maries, ID",https://www.indeed.com/viewjob?jk=153b3849b8e7fef8
PHY Systems & Algorithm Engineer,Apple,"San Diego, CA",https://www.indeed.com/viewjob?jk=86cc69381344f6fc
Test Engineer - Machine Learning Software,Joynus Staffing,"San Jose, CA",https://www.indeed.com/viewjob?jk=3158db01fde958bc
Senior Software Engineer - Python,"BigBear, Inc.","San Diego, CA",https://www.indeed.com/viewjob?jk=6a466877c9742916
We're Hiring Developers & Engineers! (Multiple Openings),GM Financial,"Arlington, TX",https://www.indeed.com/viewjob?jk=d1c41aff02060e35
Jr Python Developer,CenturyLink,"Ashburn, VA",https://www.indeed.com/viewjob?jk=76a6ca424c1583a8
Data Scientist - Entry Level,Pathrise,Remote,https://www.indeed.com/viewjob?jk=602196c5ea2f32da
Senior Python Developer,Saiana Technologies,"Lakeland, FL",https://www.indeed.com/viewjob?jk=a5a1bf416354024a
Jr Python developer,Ace-stack LLC,"Houston, TX",https://www.indeed.com/viewjob?jk=9549af22891fa8a1
Python Developer,3i Infotech,"Atlanta, GA",https://www.indeed.com/viewjob?jk=519e261a88098386
Python Developer,SJSU,"Mountain View, CA",https://www.indeed.com/viewjob?jk=d85fae2523a924a2
Python/ReactJS Software Developer,2nd Logic,"Los Angeles, CA",https://www.indeed.com/viewjob?jk=7a20786987884274
Python Developer,ConglomerateIT,"McLean, VA",https://www.indeed.com/viewjob?jk=8cddb4eb49637ee3
Game Mathematician,Adriyana Solutions,Remote,https://www.indeed.com/viewjob?jk=d677c92d6ad34ff6
Python Developer,SQAIT INC,"McLean, VA",https://www.indeed.com/viewjob?jk=5333e5a5a6432dc0
Python Developer,Callidus Inc,"Minneapolis, MN",https://www.indeed.com/viewjob?jk=eaea1d40e2a75e9e
Python Scripting and Tool Development Online Instructor,The Los Angeles Film School,"Winter Park, FL",https://www.indeed.com/viewjob?jk=84c5b3602e97e05a
Systems Administrator II,WSECU,"Olympia, WA",https://www.indeed.com/viewjob?jk=8b60ed98bff13fa1
Python Developer,Seen by Indeed,"Austin, TX",https://www.indeed.com/viewjob?jk=99345ff090923ecd
Log Scaler Mill Worker,Stimson Lumber,"Saint Maries, ID",https://www.indeed.com/viewjob?jk=153b3849b8e7fef8
PHY Systems & Algorithm Engineer,Apple,"San Diego, CA",https://www.indeed.com/viewjob?jk=86cc69381344f6fc
Test Engineer - Machine Learning Software,Joynus Staffing,"San Jose, CA",https://www.indeed.com/viewjob?jk=3158db01fde958bc
Senior Software Engineer - Python,"BigBear, Inc.","San Diego, CA",https://www.indeed.com/viewjob?jk=6a466877c9742916
We're Hiring Developers & Engineers! (Multiple Openings),GM Financial,"Arlington, TX",https://www.indeed.com/viewjob?jk=d1c41aff02060e35
Jr Python Developer,CenturyLink,"Ashburn, VA",https://www.indeed.com/viewjob?jk=76a6ca424c1583a8
Data Scientist - Entry Level,Pathrise,Remote,https://www.indeed.com/viewjob?jk=602196c5ea2f32da
Senior Python Developer,Saiana Technologies,"Lakeland, FL",https://www.indeed.com/viewjob?jk=a5a1bf416354024a
Python Developer,SJSU,"Mountain View, CA",https://www.indeed.com/viewjob?jk=d85fae2523a924a2
Python/ReactJS Software Developer,2nd Logic,"Los Angeles, CA",https://www.indeed.com/viewjob?jk=7a20786987884274
Python Developer,3i Infotech,"Atlanta, GA",https://www.indeed.com/viewjob?jk=519e261a88098386
Jr Python developer,Ace-stack LLC,"Houston, TX",https://www.indeed.com/viewjob?jk=9549af22891fa8a1
Python Developer,ConglomerateIT,"McLean, VA",https://www.indeed.com/viewjob?jk=8cddb4eb49637ee3
Python Developer,MonkeyLuvUSA Inc.,"Austin, TX",https://www.indeed.com/viewjob?jk=89edc87fe5a7ae84
Game Mathematician,Adriyana Solutions,Remote,https://www.indeed.com/viewjob?jk=d677c92d6ad34ff6
Python Developer,SQAIT INC,"McLean, VA",https://www.indeed.com/viewjob?jk=5333e5a5a6432dc0
Python Scripting and Tool Development Online Instructor,The Los Angeles Film School,"Winter Park, FL",https://www.indeed.com/viewjob?jk=84c5b3602e97e05a
Systems Administrator II,WSECU,"Olympia, WA",https://www.indeed.com/viewjob?jk=8b60ed98bff13fa1
Python Developer,Seen by Indeed,"Austin, TX",https://www.indeed.com/viewjob?jk=99345ff090923ecd
Log Scaler Mill Worker,Stimson Lumber,"Saint Maries, ID",https://www.indeed.com/viewjob?jk=153b3849b8e7fef8
PHY Systems & Algorithm Engineer,Apple,"San Diego, CA",https://www.indeed.com/viewjob?jk=86cc69381344f6fc
Test Engineer - Machine Learning Software,Joynus Staffing,"San Jose, CA",https://www.indeed.com/viewjob?jk=3158db01fde958bc
Senior Software Engineer - Python,"BigBear, Inc.","San Diego, CA",https://www.indeed.com/viewjob?jk=6a466877c9742916
We're Hiring Developers & Engineers! (Multiple Openings),GM Financial,"Arlington, TX",https://www.indeed.com/viewjob?jk=d1c41aff02060e35
Jr Python Developer,CenturyLink,"Ashburn, VA",https://www.indeed.com/viewjob?jk=76a6ca424c1583a8
Data Scientist - Entry Level,Pathrise,Remote,https://www.indeed.com/viewjob?jk=602196c5ea2f32da
Senior Python Developer,Saiana Technologies,"Lakeland, FL",https://www.indeed.com/viewjob?jk=a5a1bf416354024a
Python Developer,SJSU,"Mountain View, CA",https://www.indeed.com/viewjob?jk=d85fae2523a924a2
Python/ReactJS Software Developer,2nd Logic,"Los Angeles, CA",https://www.indeed.com/viewjob?jk=7a20786987884274
Python Developer,3i Infotech,"Atlanta, GA",https://www.indeed.com/viewjob?jk=519e261a88098386
Jr Python developer,Ace-stack LLC,"Houston, TX",https://www.indeed.com/viewjob?jk=9549af22891fa8a1
Python Developer,ConglomerateIT,"McLean, VA",https://www.indeed.com/viewjob?jk=8cddb4eb49637ee3
Python Developer,MonkeyLuvUSA Inc.,"Austin, TX",https://www.indeed.com/viewjob?jk=89edc87fe5a7ae84
Game Mathematician,Adriyana Solutions,Remote,https://www.indeed.com/viewjob?jk=d677c92d6ad34ff6
Python Developer,SQAIT INC,"McLean, VA",https://www.indeed.com/viewjob?jk=5333e5a5a6432dc0
Python Scripting and Tool Development Online Instructor,The Los Angeles Film School,"Winter Park, FL",https://www.indeed.com/viewjob?jk=84c5b3602e97e05a
Systems Administrator II,WSECU,"Olympia, WA",https://www.indeed.com/viewjob?jk=8b60ed98bff13fa1
Python Developer,Seen by Indeed,"Austin, TX",https://www.indeed.com/viewjob?jk=99345ff090923ecd
Log Scaler Mill Worker,Stimson Lumber,"Saint Maries, ID",https://www.indeed.com/viewjob?jk=153b3849b8e7fef8
PHY Systems & Algorithm Engineer,Apple,"San Diego, CA",https://www.indeed.com/viewjob?jk=86cc69381344f6fc
Test Engineer - Machine Learning Software,Joynus Staffing,"San Jose, CA",https://www.indeed.com/viewjob?jk=3158db01fde958bc
Senior Software Engineer - Python,"BigBear, Inc.","San Diego, CA",https://www.indeed.com/viewjob?jk=6a466877c9742916
We're Hiring Developers & Engineers! (Multiple Openings),GM Financial,"Arlington, TX",https://www.indeed.com/viewjob?jk=d1c41aff02060e35
Jr Python Developer,CenturyLink,"Ashburn, VA",https://www.indeed.com/viewjob?jk=76a6ca424c1583a8
Data Scientist - Entry Level,Pathrise,Remote,https://www.indeed.com/viewjob?jk=602196c5ea2f32da
Senior Python Developer,Saiana Technologies,"Lakeland, FL",https://www.indeed.com/viewjob?jk=a5a1bf416354024a
Jr Python developer,Ace-stack LLC,"Houston, TX",https://www.indeed.com/viewjob?jk=9549af22891fa8a1
Python Developer,3i Infotech,"Atlanta, GA",https://www.indeed.com/viewjob?jk=519e261a88098386
Python Developer,SJSU,"Mountain View, CA",https://www.indeed.com/viewjob?jk=d85fae2523a924a2
Python/ReactJS Software Developer,2nd Logic,"Los Angeles, CA",https://www.indeed.com/viewjob?jk=7a20786987884274
Python Developer,ConglomerateIT,"McLean, VA",https://www.indeed.com/viewjob?jk=8cddb4eb49637ee3
Game Mathematician,Adriyana Solutions,Remote,https://www.indeed.com/viewjob?jk=d677c92d6ad34ff6
Python Developer,SQAIT INC,"McLean, VA",https://www.indeed.com/viewjob?jk=5333e5a5a6432dc0
Python Developer,Callidus Inc,"Minneapolis, MN",https://www.indeed.com/viewjob?jk=eaea1d40e2a75e9e
Python Scripting and Tool Development Online Instructor,The Los Angeles Film School,"Winter Park, FL",https://www.indeed.com/viewjob?jk=84c5b3602e97e05a
Systems Administrator II,WSECU,"Olympia, WA",https://www.indeed.com/viewjob?jk=8b60ed98bff13fa1
Python Developer,Seen by Indeed,"Austin, TX",https://www.indeed.com/viewjob?jk=99345ff090923ecd
Log Scaler Mill Worker,Stimson Lumber,"Saint Maries, ID",https://www.indeed.com/viewjob?jk=153b3849b8e7fef8
PHY Systems & Algorithm Engineer,Apple,"San Diego, CA",https://www.indeed.com/viewjob?jk=86cc69381344f6fc
Test Engineer - Machine Learning Software,Joynus Staffing,"San Jose, CA",https://www.indeed.com/viewjob?jk=3158db01fde958bc
Senior Software Engineer - Python,"BigBear, Inc.","San Diego, CA",https://www.indeed.com/viewjob?jk=6a466877c9742916
We're Hiring Developers & Engineers! (Multiple Openings),GM Financial,"Arlington, TX",https://www.indeed.com/viewjob?jk=d1c41aff02060e35
Jr Python Developer,CenturyLink,"Ashburn, VA",https://www.indeed.com/viewjob?jk=76a6ca424c1583a8
Data Scientist - Entry Level,Pathrise,Remote,https://www.indeed.com/viewjob?jk=602196c5ea2f32da
Senior Python Developer,Saiana Technologies,"Lakeland, FL",https://www.indeed.com/viewjob?jk=a5a1bf416354024a
Python Developer,SJSU,"Mountain View, CA",https://www.indeed.com/viewjob?jk=d85fae2523a924a2
Python/ReactJS Software Developer,2nd Logic,"Los Angeles, CA",https://www.indeed.com/viewjob?jk=7a20786987884274
Python Developer,3i Infotech,"Atlanta, GA",https://www.indeed.com/viewjob?jk=519e261a88098386
Jr Python developer,Ace-stack LLC,"Houston, TX",https://www.indeed.com/viewjob?jk=9549af22891fa8a1
Python Developer,ConglomerateIT,"McLean, VA",https://www.indeed.com/viewjob?jk=8cddb4eb49637ee3
Python Developer,MonkeyLuvUSA Inc.,"Austin, TX",https://www.indeed.com/viewjob?jk=89edc87fe5a7ae84
Game Mathematician,Adriyana Solutions,Remote,https://www.indeed.com/viewjob?jk=d677c92d6ad34ff6
Python Developer,SQAIT INC,"McLean, VA",https://www.indeed.com/viewjob?jk=5333e5a5a6432dc0
Python Scripting and Tool Development Online Instructor,The Los Angeles Film School,"Winter Park, FL",https://www.indeed.com/viewjob?jk=84c5b3602e97e05a
Systems Administrator II,WSECU,"Olympia, WA",https://www.indeed.com/viewjob?jk=8b60ed98bff13fa1
Python Developer,Seen by Indeed,"Austin, TX",https://www.indeed.com/viewjob?jk=99345ff090923ecd
Log Scaler Mill Worker,Stimson Lumber,"Saint Maries, ID",https://www.indeed.com/viewjob?jk=153b3849b8e7fef8
PHY Systems & Algorithm Engineer,Apple,"San Diego, CA",https://www.indeed.com/viewjob?jk=86cc69381344f6fc
Test Engineer - Machine Learning Software,Joynus Staffing,"San Jose, CA",https://www.indeed.com/viewjob?jk=3158db01fde958bc
Senior Software Engineer - Python,"BigBear, Inc.","San Diego, CA",https://www.indeed.com/viewjob?jk=6a466877c9742916
We're Hiring Developers & Engineers! (Multiple Openings),GM Financial,"Arlington, TX",https://www.indeed.com/viewjob?jk=d1c41aff02060e35
Jr Python Developer,CenturyLink,"Ashburn, VA",https://www.indeed.com/viewjob?jk=76a6ca424c1583a8
Data Scientist - Entry Level,Pathrise,Remote,https://www.indeed.com/viewjob?jk=602196c5ea2f32da
Senior Python Developer,Saiana Technologies,"Lakeland, FL",https://www.indeed.com/viewjob?jk=a5a1bf416354024a
Jr Python developer,Ace-stack LLC,"Houston, TX",https://www.indeed.com/viewjob?jk=9549af22891fa8a1
Python Developer,3i Infotech,"Atlanta, GA",https://www.indeed.com/viewjob?jk=519e261a88098386
Python Developer,SJSU,"Mountain View, CA",https://www.indeed.com/viewjob?jk=d85fae2523a924a2
Python/ReactJS Software Developer,2nd Logic,"Los Angeles, CA",https://www.indeed.com/viewjob?jk=7a20786987884274
Python Developer,ConglomerateIT,"McLean, VA",https://www.indeed.com/viewjob?jk=8cddb4eb49637ee3
Game Mathematician,Adriyana Solutions,Remote,https://www.indeed.com/viewjob?jk=d677c92d6ad34ff6
Python Developer,SQAIT INC,"McLean, VA",https://www.indeed.com/viewjob?jk=5333e5a5a6432dc0
Python Developer,Callidus Inc,"Minneapolis, MN",https://www.indeed.com/viewjob?jk=eaea1d40e2a75e9e
Python Scripting and Tool Development Online Instructor,The Los Angeles Film School,"Winter Park, FL",https://www.indeed.com/viewjob?jk=84c5b3602e97e05a
Systems Administrator II,WSECU,"Olympia, WA",https://www.indeed.com/viewjob?jk=8b60ed98bff13fa1
Python Developer,Seen by Indeed,"Austin, TX",https://www.indeed.com/viewjob?jk=99345ff090923ecd
Log Scaler Mill Worker,Stimson Lumber,"Saint Maries, ID",https://www.indeed.com/viewjob?jk=153b3849b8e7fef8
PHY Systems & Algorithm Engineer,Apple,"San Diego, CA",https://www.indeed.com/viewjob?jk=86cc69381344f6fc
Test Engineer - Machine Learning Software,Joynus Staffing,"San Jose, CA",https://www.indeed.com/viewjob?jk=3158db01fde958bc
Senior Software Engineer - Python,"BigBear, Inc.","San Diego, CA",https://www.indeed.com/viewjob?jk=6a466877c9742916
We're Hiring Developers & Engineers! (Multiple Openings),GM Financial,"Arlington, TX",https://www.indeed.com/viewjob?jk=d1c41aff02060e35
Jr Python Developer,CenturyLink,"Ashburn, VA",https://www.indeed.com/viewjob?jk=76a6ca424c1583a8
Data Scientist - Entry Level,Pathrise,Remote,https://www.indeed.com/viewjob?jk=602196c5ea2f32da
Senior Python Developer,Saiana Technologies,"Lakeland, FL",https://www.indeed.com/viewjob?jk=a5a1bf416354024a
Jr Python developer,Ace-stack LLC,"Houston, TX",https://www.indeed.com/viewjob?jk=9549af22891fa8a1
Python Developer,3i Infotech,"Atlanta, GA",https://www.indeed.com/viewjob?jk=519e261a88098386
Python Developer,SJSU,"Mountain View, CA",https://www.indeed.com/viewjob?jk=d85fae2523a924a2
Python/ReactJS Software Developer,2nd Logic,"Los Angeles, CA",https://www.indeed.com/viewjob?jk=7a20786987884274
Python Developer,ConglomerateIT,"McLean, VA",https://www.indeed.com/viewjob?jk=8cddb4eb49637ee3
Game Mathematician,Adriyana Solutions,Remote,https://www.indeed.com/viewjob?jk=d677c92d6ad34ff6
Python Developer,SQAIT INC,"McLean, VA",https://www.indeed.com/viewjob?jk=5333e5a5a6432dc0
Python Developer,Callidus Inc,"Minneapolis, MN",https://www.indeed.com/viewjob?jk=eaea1d40e2a75e9e
Python Scripting and Tool Development Online Instructor,The Los Angeles Film School,"Winter Park, FL",https://www.indeed.com/viewjob?jk=84c5b3602e97e05a
Systems Administrator II,WSECU,"Olympia, WA",https://www.indeed.com/viewjob?jk=8b60ed98bff13fa1