title,company,location,link,salary
[전문연구요원] 상시,네이버,대한민국,https://www.indeed.com/viewjob?jk=b79c2ae536063b01,
[Search & Clova] Clova AI 인재,네이버,대한민국,https://www.indeed.com/viewjob?jk=92bd400e3b5306ba,
데이터 분석 전문가 (경력),None,서울특별시,https://www.indeed.com/viewjob?jk=dc184ecf8777d702,
[Search & Clova] Clova 체험형 인턴,네이버,대한민국,https://www.indeed.com/viewjob?jk=b4b6ee0fd83b8ce1,
네이버 쇼핑검색플랫폼 개발자,네이버,대한민국,https://www.indeed.com/viewjob?jk=f3a14b3f8d9e3e12,
2019 Military Service Exemption Position Available at the IBS CMCM (Synthetic Organic/Polymer Chemistry OR Theoretical Study of Carbon and Related Materials),울산과학기술원,울산 언양읍,https://www.indeed.com/viewjob?jk=8becbf73bbda7c96,
Process & Data Scientist,Applied Materials Inc.,대한민국,https://www.indeed.com/viewjob?jk=b87ff4aabad6e65e,
Application Analyst,None,대전,https://www.indeed.com/viewjob?jk=c3c0448a294b2db0,
Data Scientist,None,서울,https://www.indeed.com/viewjob?jk=ce6747e77c861c46,
여행일정 플랫폼 개발 스타트업에서 함께할 초기멤버(여행콘텐츠팀),휴플,제주 제주시,https://www.indeed.com/viewjob?jk=2a66f3f60e48c063,"
연봉 24,000,000원 - 26,000,000원"
[전문연구요원] 상시,네이버,대한민국,https://www.indeed.com/viewjob?jk=b79c2ae536063b01,
[Search & Clova] Clova AI 인재,네이버,대한민국,https://www.indeed.com/viewjob?jk=92bd400e3b5306ba,
데이터 분석 전문가 (경력),None,서울특별시,https://www.indeed.com/viewjob?jk=dc184ecf8777d702,
[Search & Clova] Clova 체험형 인턴,네이버,대한민국,https://www.indeed.com/viewjob?jk=b4b6ee0fd83b8ce1,
네이버 쇼핑검색플랫폼 개발자,네이버,대한민국,https://www.indeed.com/viewjob?jk=f3a14b3f8d9e3e12,
2019 Military Service Exemption Position Available at the IBS CMCM (Synthetic Organic/Polymer Chemistry OR Theoretical Study of Carbon and Related Materials),울산과학기술원,울산 언양읍,https://www.indeed.com/viewjob?jk=8becbf73bbda7c96,
Process & Data Scientist,Applied Materials Inc.,대한민국,https://www.indeed.com/viewjob?jk=b87ff4aabad6e65e,
Application Analyst,None,대전,https://www.indeed.com/viewjob?jk=c3c0448a294b2db0,
Data Scientist,None,서울,https://www.indeed.com/viewjob?jk=ce6747e77c861c46,
여행일정 플랫폼 개발 스타트업에서 함께할 초기멤버(여행콘텐츠팀),휴플,제주 제주시,https://www.indeed.com/viewjob?jk=2a66f3f60e48c063,"
연봉 24,000,000원 - 26,000,000원"
[전문연구요원] 상시,네이버,대한민국,https://www.indeed.com/viewjob?jk=b79c2ae536063b01,
[Search & Clova] Clova AI 인재,네이버,대한민국,https://www.indeed.com/viewjob?jk=92bd400e3b5306ba,
데이터 분석 전문가 (경력),None,서울특별시,https://www.indeed.com/viewjob?jk=dc184ecf8777d702,
[Search & Clova] Clova 체험형 인턴,네이버,대한민국,https://www.indeed.com/viewjob?jk=b4b6ee0fd83b8ce1,
네이버 쇼핑검색플랫폼 개발자,네이버,대한민국,https://www.indeed.com/viewjob?jk=f3a14b3f8d9e3e12,
2019 Military Service Exemption Position Available at the IBS CMCM (Synthetic Organic/Polymer Chemistry OR Theoretical Study of Carbon and Related Materials),울산과학기술원,울산 언양읍,https://www.indeed.com/viewjob?jk=8becbf73bbda7c96,
Process & Data Scientist,Applied Materials Inc.,대한민국,https://www.indeed.com/viewjob?jk=b87ff4aabad6e65e,
Application Analyst,None,대전,https://www.indeed.com/viewjob?jk=c3c0448a294b2db0,
Data Scientist,None,서울,https://www.indeed.com/viewjob?jk=ce6747e77c861c46,
여행일정 플랫폼 개발 스타트업에서 함께할 초기멤버(여행콘텐츠팀),휴플,제주 제주시,https://www.indeed.com/viewjob?jk=2a66f3f60e48c063,"
연봉 24,000,000원 - 26,000,000원"
[전문연구요원] 상시,네이버,대한민국,https://www.indeed.com/viewjob?jk=b79c2ae536063b01,
[Search & Clova] Clova AI 인재,네이버,대한민국,https://www.indeed.com/viewjob?jk=92bd400e3b5306ba,
데이터 분석 전문가 (경력),None,서울특별시,https://www.indeed.com/viewjob?jk=dc184ecf8777d702,
[Search & Clova] Clova 체험형 인턴,네이버,대한민국,https://www.indeed.com/viewjob?jk=b4b6ee0fd83b8ce1,
네이버 쇼핑검색플랫폼 개발자,네이버,대한민국,https://www.indeed.com/viewjob?jk=f3a14b3f8d9e3e12,
2019 Military Service Exemption Position Available at the IBS CMCM (Synthetic Organic/Polymer Chemistry OR Theoretical Study of Carbon and Related Materials),울산과학기술원,울산 언양읍,https://www.indeed.com/viewjob?jk=8becbf73bbda7c96,
Process & Data Scientist,Applied Materials Inc.,대한민국,https://www.indeed.com/viewjob?jk=b87ff4aabad6e65e,
Application Analyst,None,대전,https://www.indeed.com/viewjob?jk=c3c0448a294b2db0,
Data Scientist,None,서울,https://www.indeed.com/viewjob?jk=ce6747e77c861c46,
여행일정 플랫폼 개발 스타트업에서 함께할 초기멤버(여행콘텐츠팀),휴플,제주 제주시,https://www.indeed.com/viewjob?jk=2a66f3f60e48c063,"
연봉 24,000,000원 - 26,000,000원"
[전문연구요원] 상시,네이버,대한민국,https://www.indeed.com/viewjob?jk=b79c2ae536063b01,
[Search & Clova] Clova AI 인재,네이버,대한민국,https://www.indeed.com/viewjob?jk=92bd400e3b5306ba,
데이터 분석 전문가 (경력),None,서울특별시,https://www.indeed.com/viewjob?jk=dc184ecf8777d702,
[Search & Clova] Clova 체험형 인턴,네이버,대한민국,https://www.indeed.com/viewjob?jk=b4b6ee0fd83b8ce1,
네이버 쇼핑검색플랫폼 개발자,네이버,대한민국,https://www.indeed.com/viewjob?jk=f3a14b3f8d9e3e12,
2019 Military Service Exemption Position Available at the IBS CMCM (Synthetic Organic/Polymer Chemistry OR Theoretical Study of Carbon and Related Materials),울산과학기술원,울산 언양읍,https://www.indeed.com/viewjob?jk=8becbf73bbda7c96,
Process & Data Scientist,Applied Materials Inc.,대한민국,https://www.indeed.com/viewjob?jk=b87ff4aabad6e65e,
Application Analyst,None,대전,https://www.indeed.com/viewjob?jk=c3c0448a294b2db0,
Data Scientist,None,서울,https://www.indeed.com/viewjob?jk=ce6747e77c861c46,
여행일정 플랫폼 개발 스타트업에서 함께할 초기멤버(여행콘텐츠팀),휴플,제주 제주시,https://www.indeed.com/viewjob?jk=2a66f3f60e48c063,"
연봉 24,000,000원 - 26,000,000원"
[전문연구요원] 상시,네이버,대한민국,https://www.indeed.com/viewjob?jk=b79c2ae536063b01,
[Search & Clova] Clova AI 인재,네이버,대한민국,https://www.indeed.com/viewjob?jk=92bd400e3b5306ba,
데이터 분석 전문가 (경력),None,서울특별시,https://www.indeed.com/viewjob?jk=dc184ecf8777d702,
[Search & Clova] Clova 체험형 인턴,네이버,대한민국,https://www.indeed.com/viewjob?jk=b4b6ee0fd83b8ce1,
네이버 쇼핑검색플랫폼 개발자,네이버,대한민국,https://www.indeed.com/viewjob?jk=f3a14b3f8d9e3e12,
2019 Military Service Exemption Position Available at the IBS CMCM (Synthetic Organic/Polymer Chemistry OR Theoretical Study of Carbon and Related Materials),울산과학기술원,울산 언양읍,https://www.indeed.com/viewjob?jk=8becbf73bbda7c96,
Process & Data Scientist,Applied Materials Inc.,대한민국,https://www.indeed.com/viewjob?jk=b87ff4aabad6e65e,
Application Analyst,None,대전,https://www.indeed.com/viewjob?jk=c3c0448a294b2db0,
Data Scientist,None,서울,https://www.indeed.com/viewjob?jk=ce6747e77c861c46,
여행일정 플랫폼 개발 스타트업에서 함께할 초기멤버(여행콘텐츠팀),휴플,제주 제주시,https://www.indeed.com/viewjob?jk=2a66f3f60e48c063,"
연봉 24,000,000원 - 26,000,000원"
[전문연구요원] 상시,네이버,대한민국,https://www.indeed.com/viewjob?jk=b79c2ae536063b01,
[Search & Clova] Clova AI 인재,네이버,대한민국,https://www.indeed.com/viewjob?jk=92bd400e3b5306ba,
데이터 분석 전문가 (경력),None,서울특별시,https://www.indeed.com/viewjob?jk=dc184ecf8777d702,
[Search & Clova] Clova 체험형 인턴,네이버,대한민국,https://www.indeed.com/viewjob?jk=b4b6ee0fd83b8ce1,
네이버 쇼핑검색플랫폼 개발자,네이버,대한민국,https://www.indeed.com/viewjob?jk=f3a14b3f8d9e3e12,
2019 Military Service Exemption Position Available at the IBS CMCM (Synthetic Organic/Polymer Chemistry OR Theoretical Study of Carbon and Related Materials),울산과학기술원,울산 언양읍,https://www.indeed.com/viewjob?jk=8becbf73bbda7c96,
Process & Data Scientist,Applied Materials Inc.,대한민국,https://www.indeed.com/viewjob?jk=b87ff4aabad6e65e,
Application Analyst,None,대전,https://www.indeed.com/viewjob?jk=c3c0448a294b2db0,
Data Scientist,None,서울,https://www.indeed.com/viewjob?jk=ce6747e77c861c46,
여행일정 플랫폼 개발 스타트업에서 함께할 초기멤버(여행콘텐츠팀),휴플,제주 제주시,https://www.indeed.com/viewjob?jk=2a66f3f60e48c063,"
연봉 24,000,000원 - 26,000,000원"
[전문연구요원] 상시,네이버,대한민국,https://www.indeed.com/viewjob?jk=b79c2ae536063b01,
[Search & Clova] Clova AI 인재,네이버,대한민국,https://www.indeed.com/viewjob?jk=92bd400e3b5306ba,
데이터 분석 전문가 (경력),None,서울특별시,https://www.indeed.com/viewjob?jk=dc184ecf8777d702,
[Search & Clova] Clova 체험형 인턴,네이버,대한민국,https://www.indeed.com/viewjob?jk=b4b6ee0fd83b8ce1,
네이버 쇼핑검색플랫폼 개발자,네이버,대한민국,https://www.indeed.com/viewjob?jk=f3a14b3f8d9e3e12,
2019 Military Service Exemption Position Available at the IBS CMCM (Synthetic Organic/Polymer Chemistry OR Theoretical Study of Carbon and Related Materials),울산과학기술원,울산 언양읍,https://www.indeed.com/viewjob?jk=8becbf73bbda7c96,
Process & Data Scientist,Applied Materials Inc.,대한민국,https://www.indeed.com/viewjob?jk=b87ff4aabad6e65e,
Application Analyst,None,대전,https://www.indeed.com/viewjob?jk=c3c0448a294b2db0,
Data Scientist,None,서울,https://www.indeed.com/viewjob?jk=ce6747e77c861c46,
여행일정 플랫폼 개발 스타트업에서 함께할 초기멤버(여행콘텐츠팀),휴플,제주 제주시,https://www.indeed.com/viewjob?jk=2a66f3f60e48c063,"
연봉 24,000,000원 - 26,000,000원"